num_timesteps,total_reward,fell
100,-95.705499979,True
42,-121.145209816,True
42,-121.05245525,True
