num_timesteps,total_reward,fell
60,-110.685669186,True
40,-117.66480807,True
100,-90.7595488373,True
149,74.6161182883,True
42,-121.327405804,True
213,91.9413372188,True
41,-120.552322266,True
